word,meaning
Euphoria,A feeling or state of intense excitement and happiness
Serenity,A state of being calm (peaceful and untroubled)
Resilience,The capacity to recover quickly from difficulties; toughness
Solitude,The state of being alone (often by choice) without loneliness
Whimsical,Playfully quaint or fanciful especially in an appealing and amusing way
Gratitude,The quality of being thankful; readiness to show appreciation
Epiphany,A sudden realization or moment of great insight
Benevolence,The desire to do good to others; kindness
Ethereal,Extremely delicate and light; otherworldly in beauty
Nostalgia,A sentimental longing or affection for the past
Melancholy,A deep and pensive sadness
Ambivalence,Having mixed or contradictory feelings about something or someone
Tenacity,The quality of being determined and persistent
Perseverance,Continuing an effort despite difficulty or delay in achieving success
Ambition,A strong desire to achieve or succeed
Reverie,A state of pleasantly being lost in daydreams
Ecstasy,An overwhelming feeling of great happiness or excitement
Fortitude,Courage in facing pain or adversity
Utopia,An imagined place where everything is perfect
